{
  "projects": [
    {
      "id": 1,
      "thumbnail": "https://images.unsplash.com/photo-1520769669658-f07657f5a307?ixlib=rb-1.2.1&ixid=eyJhcHBfaWQiOjEyMDd9&auto=format&fit=crop&w=1350&q=80",
      "title": "Online e-merchant management system - attaching integration with the iOS"
    },
    {
      "id": 2,
      "thumbnail": "https://images.unsplash.com/photo-1521109762031-b71a005c25b7?ixlib=rb-1.2.1&ixid=eyJhcHBfaWQiOjEyMDd9&auto=format&fit=crop&w=1351&q=80",
      "title": "Notes on pipeline upgrade"
    },
    {
      "id": 3,
      "thumbnail": "https://images.unsplash.com/photo-1531504060587-e6811129c0f2?ixlib=rb-1.2.1&ixid=eyJhcHBfaWQiOjEyMDd9&auto=format&fit=crop&w=1351&q=80",
      "title": "Assessment report for merchant account"
    },
    {
      "id": 1,
      "thumbnail": "https://images.unsplash.com/photo-1475066392170-59d55d96fe51?ixlib=rb-1.2.1&ixid=eyJhcHBfaWQiOjEyMDd9&auto=format&fit=crop&w=2134&q=80",
      "title": "Online e-merchant management system - attaching integration with the iOS"
    },
    {
      "id": 2,
      "thumbnail": "https://images.unsplash.com/photo-1518124880777-cf8c82231ffb?ixlib=rb-1.2.1&ixid=eyJhcHBfaWQiOjEyMDd9&auto=format&fit=crop&w=1404&q=80",
      "title": "Notes on pipeline upgrade"
    },
    {
      "id": 3,
      "thumbnail": "https://images.unsplash.com/photo-1531504060587-e6811129c0f2?ixlib=rb-1.2.1&ixid=eyJhcHBfaWQiOjEyMDd9&auto=format&fit=crop&w=1351&q=80",
      "title": "Assessment report for merchant account"
    }
  ]
}
